link,item name,price
us.shein.com/SHEIN-LUNE-Feather-Print-Keyhole-Neckline-Batwing-Sleeve-Blouse-p-15170857-cat-1733.html?src_identifier=st%3D2%60sc%3Dshirt%60sr%3D0%60ps%3D1&src_module=search&src_tab_page_id=page_home1700349380429&attr_ids=87_417&mallCode=1,17SAVE $0.67,$3.82
us.shein.com/Manfinity-Mode-Men-Horse-Print-Contrast-Trim-Polo-Shirt-p-20995293-cat-1981.html?src_identifier=st%3D2%60sc%3Dshirt%60sr%3D0%60ps%3D1&src_module=search&src_tab_page_id=page_home1700349380429&attr_ids=87_417&mallCode=1,10SAVE $5.50,$6.99
us.shein.com/SHEIN-LUNE-Plaid-Print-Button-Front-Blouse-p-10988624-cat-1733.html?src_identifier=st%3D2%60sc%3Dshirt%60sr%3D0%60ps%3D1&src_module=search&src_tab_page_id=page_home1700349380429&attr_ids=87_417&mallCode=1,11,$7.53
us.shein.com/SHEIN-LUNE-Solid-Cold-Shoulder-Split-Sleeve-Popover-Blouse-p-20251559-cat-1733.html?src_identifier=st%3D2%60sc%3Dshirt%60sr%3D0%60ps%3D1&src_module=search&src_tab_page_id=page_home1700349380429&attr_ids=87_417&mallCode=1,16SAVE $1.20,$6.29
us.shein.com/Manfinity-Homme-Men-Ribbed-Knit-Polo-Shirt-p-10994948-cat-1981.html?src_identifier=st%3D2%60sc%3Dshirt%60sr%3D0%60ps%3D1&src_module=search&src_tab_page_id=page_home1700349380429&attr_ids=87_417&mallCode=1,SAVE $3.38,$9.61
us.shein.com/SHEIN-Clasi-Polka-Dot-Ruffle-Shirt-p-26358811-cat-1733.html?src_identifier=st%3D2%60sc%3Dshirt%60sr%3D0%60ps%3D1&src_module=search&src_tab_page_id=page_home1700349380429&attr_ids=87_417&mallCode=1,4,$8.39
us.shein.com/Floral-Print-Flounce-Sleeve-Blouse-p-10887086-cat-1733.html?src_identifier=st%3D2%60sc%3Dshirt%60sr%3D0%60ps%3D1&src_module=search&src_tab_page_id=page_home1700349380429&attr_ids=87_417&mallCode=1,7,$7.97
us.shein.com/SHEIN-Priv-Striped-Print-V-Neck-Blouse-p-22724094-cat-1733.html?src_identifier=st%3D2%60sc%3Dshirt%60sr%3D0%60ps%3D1&src_module=search&src_tab_page_id=page_home1700349380429&attr_ids=87_417&mallCode=1,9Save $1.42,$8.07
us.shein.com/Manfinity-Hypemode-Men-1pc-Plaid-Dual-Pocket-Drawstring-Hooded-Shirt-p-10914720-cat-1979.html?src_identifier=st%3D2%60sc%3Dshirt%60sr%3D0%60ps%3D1&src_module=search&src_tab_page_id=page_home1700349380429&attr_ids=87_417&mallCode=1,14,$11.19
us.shein.com/SHEIN-LUNE-Gingham-Print-Button-Front-High-Low-Hem-Blouse-p-1883477-cat-1733.html?src_identifier=st%3D2%60sc%3Dshirt%60sr%3D0%60ps%3D1&src_module=search&src_tab_page_id=page_home1700349380429&attr_ids=87_417&mallCode=1,7,$7.90
us.shein.com/Cold-Shoulder-Guipure-Lace-Blouse-p-10226435-cat-1733.html?src_identifier=st%3D2%60sc%3Dshirt%60sr%3D0%60ps%3D1&src_module=search&src_tab_page_id=page_home1700349380429&attr_ids=87_417&mallCode=1,11SAVE $2.12,$6.37
us.shein.com/Women-s-Irregular-Hem-Shirt-With-Floral-Print-p-26272368-cat-1733.html?src_identifier=st%3D2%60sc%3Dshirt%60sr%3D0%60ps%3D1&src_module=search&src_tab_page_id=page_home1700349380429&attr_ids=87_417&mallCode=1,,$8.74
us.shein.com/Manfinity-Homme-Men-Ombre-Button-Up-Shirt-Without-Tee-p-14858896-cat-1979.html?src_identifier=st%3D2%60sc%3Dshirt%60sr%3D0%60ps%3D1&src_module=search&src_tab_page_id=page_home1700349380429&attr_ids=87_417&mallCode=1,5SAVE $2.40,$9.59
us.shein.com/SHEIN-Priv-Allover-Print-Mock-Neck-Sleeveless-Blouse-p-13203958-cat-1733.html?src_identifier=st%3D2%60sc%3Dshirt%60sr%3D0%60ps%3D1&src_module=search&src_tab_page_id=page_home1700349380429&attr_ids=87_417&mallCode=1,,$4.85
us.shein.com/Men-Tropical-Print-Shirt-p-16349805-cat-1979.html?src_identifier=st%3D2%60sc%3Dshirt%60sr%3D0%60ps%3D1&src_module=search&src_tab_page_id=page_home1700349380429&attr_ids=87_417&mallCode=1,8,$8.99
us.shein.com/Plaid-Print-Drop-Shoulder-Flap-Pocket-Shirt-p-24739273-cat-1733.html?src_identifier=st%3D2%60sc%3Dshirt%60sr%3D0%60ps%3D1&src_module=search&src_tab_page_id=page_home1700349380429&attr_ids=87_417&mallCode=1,9,$10.84
us.shein.com/SHEIN-Clasi-Scallop-Trim-Petal-Sleeve-Blouse-p-16181526-cat-1733.html?src_identifier=st%3D2%60sc%3Dshirt%60sr%3D0%60ps%3D1&src_module=search&src_tab_page_id=page_home1700349380429&attr_ids=87_417&mallCode=1,13,$6.99
us.shein.com/SHEIN-Frenchy-Solid-Button-Up-Pocket-Patched-Shirt-p-3862236-cat-1733.html?src_identifier=st%3D2%60sc%3Dshirt%60sr%3D0%60ps%3D1&src_module=search&src_tab_page_id=page_home1700349380429&attr_ids=87_417&mallCode=1,13SAVE $2.20,$8.79
us.shein.com/SHEIN-Frenchy-Two-Tone-Lantern-Sleeve-2-In-1-Blouse-p-21904740-cat-2223.html?src_identifier=st%3D2%60sc%3Dshirt%60sr%3D0%60ps%3D1&src_module=search&src_tab_page_id=page_home1700349380429&attr_ids=87_417&mallCode=1,5SAVE $5.94,$7.55
us.shein.com/SHEIN-EZwear-Allover-Print-Drop-Shoulder-Shirt-p-17128436-cat-1733.html?src_identifier=st%3D2%60sc%3Dshirt%60sr%3D0%60ps%3D1&src_module=search&src_tab_page_id=page_home1700349380429&attr_ids=87_417&mallCode=1,SAVE $1.05,$5.94
us.shein.com/Manfinity-Mode-Men-Plaid-Print-Polo-Shirt-p-21988017-cat-1981.html?src_identifier=st%3D2%60sc%3Dshirt%60sr%3D0%60ps%3D1&src_module=search&src_tab_page_id=page_home1700349380429&attr_ids=87_417&mallCode=1,4,$8.74
us.shein.com/SHEIN-LUNE-Asymmetrical-Neck-Petal-Sleeve-Button-Detail-Blouse-p-16291699-cat-1733.html?src_identifier=st%3D2%60sc%3Dshirt%60sr%3D0%60ps%3D1&src_module=search&src_tab_page_id=page_home1700349380429&attr_ids=87_417&mallCode=1,7,$9.49
us.shein.com/DAZY-Plaid-Print-Drop-Shoulder-Shirt-p-24196105-cat-1733.html?src_identifier=st%3D2%60sc%3Dshirt%60sr%3D0%60ps%3D1&src_module=search&src_tab_page_id=page_home1700349380429&attr_ids=87_417&mallCode=1,,$13.64
us.shein.com/SHEIN-LUNE-Women-s-Puff-Sleeve-Shirt-p-26500539-cat-1733.html?src_identifier=st%3D2%60sc%3Dshirt%60sr%3D0%60ps%3D1&src_module=search&src_tab_page_id=page_home1700349380429&attr_ids=87_417&mallCode=1,,$8.04
us.shein.com/SHEIN-X-MOHA-Manfinity-Homme-Men-Contrast-Trim-Textured-Polo-Shirt-p-10989062-cat-1981.html?src_identifier=st%3D2%60sc%3Dshirt%60sr%3D0%60ps%3D1&src_module=search&src_tab_page_id=page_home1700349380429&attr_ids=87_417&mallCode=1,SAVE $5.75,$8.74
us.shein.com/SHEIN-MOD-Dual-Pocket-Batwing-Sleeve-Crop-Shirt-p-12636061-cat-1733.html?src_identifier=st%3D2%60sc%3Dshirt%60sr%3D0%60ps%3D1&src_module=search&src_tab_page_id=page_home1700349380429&attr_ids=87_417&mallCode=1,,$8.99
us.shein.com/Manfinity-Homme-Men-Patched-Detail-Polo-Shirt-p-18657131-cat-1981.html?src_identifier=st%3D2%60sc%3Dshirt%60sr%3D0%60ps%3D1&src_module=search&src_tab_page_id=page_home1700349380429&attr_ids=87_417&mallCode=1,11SAVE $2.40,$9.59
us.shein.com/SHEIN-Lady-Allover-Print-Batwing-Sleeve-Wide-Leg-Jumpsuit-p-21901770-cat-1860.html?src_identifier=st%3D2%60sc%3Dshirt%60sr%3D0%60ps%3D1&src_module=search&src_tab_page_id=page_home1700349380429&attr_ids=87_417&mallCode=1,8SAVE $8.55,$9.44
us.shein.com/SHEIN-LUNE-Gathered-Neck-Curved-Hem-Blouse-p-428052-cat-1733.html?src_identifier=st%3D2%60sc%3Dshirt%60sr%3D0%60ps%3D1&src_module=search&src_tab_page_id=page_home1700349380429&attr_ids=87_417&mallCode=1,6,$7.99
us.shein.com/SHEIN-Clasi-Women-s-Glitter-Mesh-Lantern-Sleeve-Shirt-p-25738497-cat-1733.html?src_identifier=st%3D2%60sc%3Dshirt%60sr%3D0%60ps%3D1&src_module=search&src_tab_page_id=page_home1700349380429&attr_ids=87_417&mallCode=1,,$9.49
us.shein.com/Floral-Print-Flounce-Sleeve-Peplum-Blouse-p-12106098-cat-1733.html?src_identifier=st%3D2%60sc%3Dshirt%60sr%3D0%60ps%3D1&src_module=search&src_tab_page_id=page_home1700349380429&attr_ids=87_417&mallCode=1,4,$6.96
us.shein.com/Manfinity-Sporsity-Men-1pc-Letter-Graphic-Baseball-Collar-Shirt-p-10748518-cat-1979.html?src_identifier=st%3D2%60sc%3Dshirt%60sr%3D0%60ps%3D1&src_module=search&src_tab_page_id=page_home1700349380429&attr_ids=87_417&mallCode=1,6,$8.04
us.shein.com/SHEIN-BAE-Sequin-Halter-Neck-Tie-Back-Blouse-p-13807610-cat-1733.html?src_identifier=st%3D2%60sc%3Dshirt%60sr%3D0%60ps%3D1&src_module=search&src_tab_page_id=page_home1700349380429&attr_ids=87_417&mallCode=1,12,$6.99
us.shein.com/Manfinity-Homme-Men-Ribbed-Knit-Quarter-Zip-Polo-Shirt-p-13396671-cat-1981.html?src_identifier=st%3D2%60sc%3Dshirt%60sr%3D0%60ps%3D1&src_module=search&src_tab_page_id=page_home1700349380429&attr_ids=87_417&mallCode=1,6,$8.74
us.shein.com/SHEIN-MOD-Floral-Print-Square-Neck-Puff-Sleeve-Bandana-Hem-Crop-Blouse-p-12667328-cat-1733.html?src_identifier=st%3D2%60sc%3Dshirt%60sr%3D0%60ps%3D1&src_module=search&src_tab_page_id=page_home1700349380429&attr_ids=87_417&mallCode=1,SAVE $3.15,$7.34
us.shein.com/SHEIN-LUNE-Women-s-Front-Button-Up-Plain-Shoulder-Long-Sleeve-Shirt-p-25757596-cat-1733.html?src_identifier=st%3D2%60sc%3Dshirt%60sr%3D0%60ps%3D1&src_module=search&src_tab_page_id=page_home1700349380429&attr_ids=87_417&mallCode=1,,$8.39
us.shein.com/SHEIN-Frenchy-Allover-Print-Notched-Neck-Bishop-Sleeve-Blouse-p-11779867-cat-1733.html?src_identifier=st%3D2%60sc%3Dshirt%60sr%3D0%60ps%3D1&src_module=search&src_tab_page_id=page_home1700349380429&attr_ids=87_417&mallCode=1,9,$9.49
us.shein.com/SHEIN-Priv-Marble-Print-Notched-Neckline-Batwing-Sleeve-Blouse-p-15901279-cat-1733.html?src_identifier=st%3D2%60sc%3Dshirt%60sr%3D0%60ps%3D1&src_module=search&src_tab_page_id=page_home1700349380429&attr_ids=87_417&mallCode=1,SAVE $1.50,$5.99
us.shein.com/SHEIN-Qutie-Contrast-Collar-Cable-Knit-2-In-1-Blouse-p-3674246-cat-2223.html?src_identifier=st%3D2%60sc%3Dshirt%60sr%3D0%60ps%3D1&src_module=search&src_tab_page_id=page_home1700349380429&attr_ids=87_417&mallCode=1,,$9.09
us.shein.com/SHEIN-Frenchy-Swiss-Dot-Contrast-Guipure-Lace-Blouse-p-10536626-cat-1733.html?src_identifier=st%3D2%60sc%3Dshirt%60sr%3D0%60ps%3D1&src_module=search&src_tab_page_id=page_home1700349380429&attr_ids=87_417&mallCode=1,SAVE $1.50,$5.99
us.shein.com/Manfinity-Mode-Men-Gingham-Print-Button-Up-Shirt-p-17414397-cat-1979.html?src_identifier=st%3D2%60sc%3Dshirt%60sr%3D0%60ps%3D1&src_module=search&src_tab_page_id=page_home1700349380429&attr_ids=87_417&mallCode=1,6,$9.79
us.shein.com/Men-Embroidery-Letter-Pattern-Striped-Trim-Polo-Shirt-p-24914160-cat-1981.html?src_identifier=st%3D2%60sc%3Dshirt%60sr%3D0%60ps%3D1&src_module=search&src_tab_page_id=page_home1700349380429&attr_ids=87_417&mallCode=1,,$9.09
us.shein.com/SHEIN-LUNE-Solid-Ruffle-Trim-Blouse-p-20814509-cat-1733.html?src_identifier=st%3D2%60sc%3Dshirt%60sr%3D0%60ps%3D1&src_module=search&src_tab_page_id=page_home1700349380429&attr_ids=87_417&mallCode=1,13SAVE $0.50,$5.99
us.shein.com/SHEIN-MOD-Square-Neck-Ruffle-Trim-Virago-Sleeve-Crop-Blouse-p-12840159-cat-1733.html?src_identifier=st%3D2%60sc%3Dshirt%60sr%3D0%60ps%3D1&src_module=search&src_tab_page_id=page_home1700349380429&attr_ids=87_417&mallCode=1,5SAVE $3.12,$9.37
us.shein.com/Manfinity-Homme-Men-Solid-Button-Up-Shirt-p-19387298-cat-1979.html?src_identifier=st%3D2%60sc%3Dshirt%60sr%3D0%60ps%3D1&src_module=search&src_tab_page_id=page_home1700349380429&attr_ids=87_417&mallCode=1,10,$10.14
us.shein.com/Plaid-Print-Flap-Pocket-Drop-Shoulder-Shirt-p-25496512-cat-1733.html?src_identifier=st%3D2%60sc%3Dshirt%60sr%3D0%60ps%3D1&src_module=search&src_tab_page_id=page_home1700349380429&attr_ids=87_417&mallCode=1,,$11.54
us.shein.com/Manfinity-Hypemode-Men-Plaid-Print-Flap-Pocket-Shirt-p-20214077-cat-1979.html?src_identifier=st%3D2%60sc%3Dshirt%60sr%3D0%60ps%3D1&src_module=search&src_tab_page_id=page_home1700349380429&attr_ids=87_417&mallCode=1,9SAVE $7.36,$8.13
us.shein.com/SHEIN-LUNE-Figure-Graphic-Batwing-Sleeve-Mock-Neck-Blouse-p-22597574-cat-1733.html?src_identifier=st%3D2%60sc%3Dshirt%60sr%3D0%60ps%3D1&src_module=search&src_tab_page_id=page_home1700349380429&attr_ids=87_417&mallCode=1,7SAVE $5.26,$7.73
us.shein.com/SHEIN-Clasi-Ditsy-Floral-Print-Butterfly-Sleeve-Blouse-p-13257719-cat-1733.html?src_identifier=st%3D2%60sc%3Dshirt%60sr%3D0%60ps%3D1&src_module=search&src_tab_page_id=page_home1700349380429&attr_ids=87_417&mallCode=1,11,$4.49
us.shein.com/SHEIN-Clasi-Solid-Puff-Sleeve-Pearls-Beaded-Top-p-9909607-cat-1733.html?src_identifier=st%3D2%60sc%3Dshirt%60sr%3D0%60ps%3D1&src_module=search&src_tab_page_id=page_home1700349380429&attr_ids=87_417&mallCode=1,11,$6.99
us.shein.com/Manfinity-Homme-Men-Striped-Button-Front-Shirt-Without-Tee-p-11064661-cat-1979.html?src_identifier=st%3D2%60sc%3Dshirt%60sr%3D0%60ps%3D1&src_module=search&src_tab_page_id=page_home1700349380429&attr_ids=87_417&mallCode=1,7,$8.74
us.shein.com/SHEIN-Priv-Allover-Print-Shirred-Ruffle-One-Shoulder-Top-p-1277514-cat-1733.html?src_identifier=st%3D2%60sc%3Dshirt%60sr%3D0%60ps%3D1&src_module=search&src_tab_page_id=page_home1700349380429&attr_ids=87_417&mallCode=1,SAVE $1.50,$5.99
us.shein.com/Manfinity-Homme-Men-Wing-Print-Contrast-Trim-Polo-Shirt-p-12714050-cat-1981.html?src_identifier=st%3D2%60sc%3Dshirt%60sr%3D0%60ps%3D1&src_module=search&src_tab_page_id=page_home1700349380429&attr_ids=87_417&mallCode=1,13SAVE $2.30,$9.19
us.shein.com/SHEIN-LUNE-Tie-Backless-Raglan-Sleeve-Crop-Blouse-p-18153099-cat-1733.html?src_identifier=st%3D2%60sc%3Dshirt%60sr%3D0%60ps%3D1&src_module=search&src_tab_page_id=page_home1700349380429&attr_ids=87_417&mallCode=1,6SAVE $1.57,$8.92
us.shein.com/SHEIN-Priv-Solid-Satin-Halter-Neck-Blouse-p-14395055-cat-1733.html?src_identifier=st%3D2%60sc%3Dshirt%60sr%3D0%60ps%3D1&src_module=search&src_tab_page_id=page_home1700349380429&attr_ids=87_417&mallCode=1,9,$8.49
us.shein.com/Manfinity-Hypemode-Men-Ribbed-Knit-Polo-Shirt-p-21234254-cat-1981.html?src_identifier=st%3D2%60sc%3Dshirt%60sr%3D0%60ps%3D1&src_module=search&src_tab_page_id=page_home1700349380429&attr_ids=87_417&mallCode=1,5,$8.74
us.shein.com/SHEIN-Slayr-One-Shoulder-Lantern-Sleeve-Knot-Side-Crop-Blouse-p-21737327-cat-1733.html?src_identifier=st%3D2%60sc%3Dshirt%60sr%3D0%60ps%3D1&src_module=search&src_tab_page_id=page_home1700349380429&attr_ids=87_417&mallCode=1,7SAVE $1.70,$6.79
us.shein.com/SHEIN-Priv-Hollow-Out-Button-Front-Crop-Blouse-p-22785930-cat-1733.html?src_identifier=st%3D2%60sc%3Dshirt%60sr%3D0%60ps%3D1&src_module=search&src_tab_page_id=page_home1700349380429&attr_ids=87_417&mallCode=1,Save $7.04,$8.95
us.shein.com/Manfinity-Homme-Men-Striped-Print-Polo-Shirt-p-20495281-cat-1981.html?src_identifier=st%3D2%60sc%3Dshirt%60sr%3D0%60ps%3D1&src_module=search&src_tab_page_id=page_home1700349380429&attr_ids=87_417&mallCode=1,7,$9.86
us.shein.com/SHEIN-LUNE-Eyelet-Embroidery-Batwing-Sleeve-Blouse-p-14736666-cat-1733.html?src_identifier=st%3D2%60sc%3Dshirt%60sr%3D0%60ps%3D1&src_module=search&src_tab_page_id=page_home1700349380429&attr_ids=87_417&mallCode=1,SAVE $1.12,$6.37
us.shein.com/Plaid-Print-Button-Back-Ruffle-Trim-Blouse-p-25039152-cat-1733.html?src_identifier=st%3D2%60sc%3Dshirt%60sr%3D0%60ps%3D1&src_module=search&src_tab_page_id=page_home1700349380429&attr_ids=87_417&mallCode=1,10,$7.34
us.shein.com/Manfinity-Hypemode-Men-Allover-Cat-Button-Through-Shirt-p-2632340-cat-1979.html?src_identifier=st%3D2%60sc%3Dshirt%60sr%3D0%60ps%3D1&src_module=search&src_tab_page_id=page_home1700349380429&attr_ids=87_417&mallCode=1,4,$6.99
us.shein.com/Allover-Print-Contrast-Collar-Keyhole-Back-Blouse-p-25081997-cat-1733.html?src_identifier=st%3D2%60sc%3Dshirt%60sr%3D0%60ps%3D1&src_module=search&src_tab_page_id=page_home1700349380429&attr_ids=87_417&mallCode=1,,$9.09
us.shein.com/Manfinity-Homme-Men-Solid-Button-Up-Shirt-p-12658179-cat-1979.html?src_identifier=st%3D2%60sc%3Dshirt%60sr%3D0%60ps%3D1&src_module=search&src_tab_page_id=page_home1700349380429&attr_ids=87_417&mallCode=1,8SAVE $3.95,$8.04
us.shein.com/SHEIN-LUNE-Drop-Shoulder-Tartan-Longline-Blouse-p-3346112-cat-1733.html?src_identifier=st%3D2%60sc%3Dshirt%60sr%3D0%60ps%3D1&src_module=search&src_tab_page_id=page_home1700349380429&attr_ids=87_417&mallCode=1,10SAVE $4.86,$7.13
us.shein.com/SHEIN-LUNE-Frill-Neck-Ruffle-Trim-Keyhole-Back-Blouse-p-14243565-cat-1733.html?src_identifier=st%3D2%60sc%3Dshirt%60sr%3D0%60ps%3D1&src_module=search&src_tab_page_id=page_home1700349380429&attr_ids=87_417&mallCode=1,16SAVE $0.97,$5.52
us.shein.com/Manfinity-Homme-Men-Solid-Button-Up-Shirt-p-22143644-cat-1979.html?src_identifier=st%3D2%60sc%3Dshirt%60sr%3D0%60ps%3D1&src_module=search&src_tab_page_id=page_home1700349380429&attr_ids=87_417&mallCode=1,SAVE $5.81,$7.18
us.shein.com/SHEIN-EZwear-Solid-Button-Front-Crop-Shirt-p-3371260-cat-1733.html?src_identifier=st%3D2%60sc%3Dshirt%60sr%3D0%60ps%3D1&src_module=search&src_tab_page_id=page_home1700349380429&attr_ids=87_417&mallCode=1,4SAVE $2.20,$8.79
us.shein.com/Curved-Hem-Hidden-Button-Through-Shirt-p-12517105-cat-1733.html?src_identifier=st%3D2%60sc%3Dshirt%60sr%3D0%60ps%3D1&src_module=search&src_tab_page_id=page_home1700349380429&attr_ids=87_417&mallCode=1,27SAVE $3.25,$9.24
us.shein.com/Manfinity-Homme-Men-Solid-Polo-Shirt-p-21987945-cat-1981.html?src_identifier=st%3D2%60sc%3Dshirt%60sr%3D0%60ps%3D1&src_module=search&src_tab_page_id=page_home1700349380429&attr_ids=87_417&mallCode=1,,$9.44
us.shein.com/Floral-Print-Batwing-Sleeve-Notched-Neckline-Blouse-p-19005660-cat-1733.html?src_identifier=st%3D2%60sc%3Dshirt%60sr%3D0%60ps%3D1&src_module=search&src_tab_page_id=page_home1700349380429&attr_ids=87_417&mallCode=1,5SAVE $1.50,$5.99
us.shein.com/SHEIN-Priv-Solid-Asymmetrical-Neck-Puff-Sleeve-Blouse-p-12871514-cat-1733.html?src_identifier=st%3D2%60sc%3Dshirt%60sr%3D0%60ps%3D1&src_module=search&src_tab_page_id=page_home1700349380429&attr_ids=87_417&mallCode=1,7,$5.26
us.shein.com/Manfinity-RSRT-Men-Block-Striped-Shirt-Without-Tee-p-14016947-cat-1979.html?src_identifier=st%3D2%60sc%3Dshirt%60sr%3D0%60ps%3D1&src_module=search&src_tab_page_id=page_home1700349380429&attr_ids=87_417&mallCode=1,,$7.69
us.shein.com/SHEIN-EZwear-Solid-Button-Front-Curved-Hem-Shirt-p-18178380-cat-1733.html?src_identifier=st%3D2%60sc%3Dshirt%60sr%3D0%60ps%3D1&src_module=search&src_tab_page_id=page_home1700349380429&attr_ids=87_417&mallCode=1,,$7.99
us.shein.com/Men-Contrast-Trim-Shirt-p-17461598-cat-1979.html?src_identifier=st%3D2%60sc%3Dshirt%60sr%3D0%60ps%3D1&src_module=search&src_tab_page_id=page_home1700349380429&attr_ids=87_417&mallCode=1,Marketplace,$12.10
us.shein.com/SHEIN-WYWH-Puff-Sleeve-Ruffle-Hem-Gingham-Blouse-p-9247267-cat-1733.html?src_identifier=st%3D2%60sc%3Dshirt%60sr%3D0%60ps%3D1&src_module=search&src_tab_page_id=page_home1700349380429&attr_ids=87_417&mallCode=1,5,$6.99
us.shein.com/SHEIN-WYWH-Sweetheart-Neck-Puff-Sleeve-Peplum-Blouse-p-22456283-cat-1733.html?src_identifier=st%3D2%60sc%3Dshirt%60sr%3D0%60ps%3D1&src_module=search&src_tab_page_id=page_home1700349380429&attr_ids=87_417&mallCode=1,,$8.39
us.shein.com/Floral-Print-Flounce-Sleeve-Peplum-Blouse-p-23024351-cat-1733.html?src_identifier=st%3D2%60sc%3Dshirt%60sr%3D0%60ps%3D1&src_module=search&src_tab_page_id=page_home1700349380429&attr_ids=87_417&mallCode=1,7SAVE $2.62,$9.87
us.shein.com/Manfinity-Homme-Men-Plaid-Print-Button-Up-Shirt-p-16040205-cat-1979.html?src_identifier=st%3D2%60sc%3Dshirt%60sr%3D0%60ps%3D1&src_module=search&src_tab_page_id=page_home1700349380429&attr_ids=87_417&mallCode=1,SAVE $7.60,$8.39
us.shein.com/SHEIN-Essnce-Horse-Print-Button-Front-Shirt-p-21661623-cat-1733.html?src_identifier=st%3D2%60sc%3Dshirt%60sr%3D0%60ps%3D1&src_module=search&src_tab_page_id=page_home1700349380429&attr_ids=87_417&mallCode=1,8SAVE $3.00,$8.99
us.shein.com/Manfinity-Homme-Men-Two-Tone-Polo-Shirt-p-20423346-cat-1981.html?src_identifier=st%3D2%60sc%3Dshirt%60sr%3D0%60ps%3D1&src_module=search&src_tab_page_id=page_home1700349380429&attr_ids=87_417&mallCode=1,5SAVE $6.16,$7.83
us.shein.com/SHEIN-LUNE-Leopard-Petal-Sleeve-Top-p-3024169-cat-1733.html?src_identifier=st%3D2%60sc%3Dshirt%60sr%3D0%60ps%3D1&src_module=search&src_tab_page_id=page_home1700349380429&attr_ids=87_417&mallCode=1,9SAVE $1.65,$3.84
us.shein.com/SHEIN-Priv-Graphic-Print-Tie-Neck-Batwing-Sleeve-Blouse-p-15495180-cat-1733.html?src_identifier=st%3D2%60sc%3Dshirt%60sr%3D0%60ps%3D1&src_module=search&src_tab_page_id=page_home1700349380429&attr_ids=87_417&mallCode=1,4,$4.99
us.shein.com/Manfinity-Homme-Men-Quarter-Zipper-Polo-Shirt-p-11115043-cat-1981.html?src_identifier=st%3D2%60sc%3Dshirt%60sr%3D0%60ps%3D1&src_module=search&src_tab_page_id=page_home1700349380429&attr_ids=87_417&mallCode=1,10,$8.55
us.shein.com/EMERY-ROSE-Floral-Print-Button-Detail-Batwing-Sleeve-Blouse-p-18431113-cat-1733.html?src_identifier=st%3D2%60sc%3Dshirt%60sr%3D0%60ps%3D1&src_module=search&src_tab_page_id=page_home1700349380429&attr_ids=87_417&mallCode=1,4,$7.99
us.shein.com/Manfinity-Homme-Men-Striped-Print-Shirt-p-21604157-cat-1979.html?src_identifier=st%3D2%60sc%3Dshirt%60sr%3D0%60ps%3D1&src_module=search&src_tab_page_id=page_home1700349380429&attr_ids=87_417&mallCode=1,11Save $3.80,$7.69
us.shein.com/SHEIN-Clasi-Grid-Print-Notched-Neckline-Blouse-p-4753347-cat-1733.html?src_identifier=st%3D2%60sc%3Dshirt%60sr%3D0%60ps%3D1&src_module=search&src_tab_page_id=page_home1700349380429&attr_ids=87_417&mallCode=1,7SAVE $0.75,$4.24
us.shein.com/SHEIN-LUNE-Plaid-Flap-Pocket-Drop-Shoulder-Shirt-Without-Belt-p-11505989-cat-1733.html?src_identifier=st%3D2%60sc%3Dshirt%60sr%3D0%60ps%3D1&src_module=search&src_tab_page_id=page_home1700349380429&attr_ids=87_417&mallCode=1,11,$8.04
us.shein.com/SHEIN-Frenchy-Solid-Notched-Neckline-Contrast-Mesh-Lantern-Sleeve-Blouse-p-13712477-cat-1733.html?src_identifier=st%3D2%60sc%3Dshirt%60sr%3D0%60ps%3D1&src_module=search&src_tab_page_id=page_home1700349380429&attr_ids=87_417&mallCode=1,15,$7.34
us.shein.com/Manfinity-Homme-Men-Contrast-Trim-Polo-Shirt-p-20135403-cat-1981.html?src_identifier=st%3D2%60sc%3Dshirt%60sr%3D0%60ps%3D1&src_module=search&src_tab_page_id=page_home1700349380429&attr_ids=87_417&mallCode=1,12SAVE $5.50,$6.99
us.shein.com/Solid-Ruffle-Trim-Petal-Sleeve-Blouse-p-14699532-cat-1733.html?src_identifier=st%3D2%60sc%3Dshirt%60sr%3D0%60ps%3D1&src_module=search&src_tab_page_id=page_home1700349380429&attr_ids=87_417&mallCode=1,7SAVE $1.27,$7.22
us.shein.com/Manfinity-Homme-Men-Floral-Jacquard-Satin-Shirt-p-10517475-cat-1979.html?src_identifier=st%3D2%60sc%3Dshirt%60sr%3D0%60ps%3D1&src_module=search&src_tab_page_id=page_home1700349380429&attr_ids=87_417&mallCode=1,11,$9.08
us.shein.com/SHEIN-Essnce-Plaid-Flap-Pocket-Drop-Shoulder-Shirt-Without-Belt-p-3357593-cat-1733.html?src_identifier=st%3D2%60sc%3Dshirt%60sr%3D0%60ps%3D1&src_module=search&src_tab_page_id=page_home1700349380429&attr_ids=87_417&mallCode=1,11SAVE $3.75,$8.74
us.shein.com/SHEIN-LUNE-Solid-Flounce-Sleeve-V-Neck-Blouse-p-19273442-cat-1733.html?src_identifier=st%3D2%60sc%3Dshirt%60sr%3D0%60ps%3D1&src_module=search&src_tab_page_id=page_home1700349380429&attr_ids=87_417&mallCode=1,Save $2.00,$5.99
us.shein.com/Manfinity-RSRT-Men-Tropical-Print-Shirt-Drawstring-Waist-Shorts-Set-p-10592641-cat-1975.html?src_identifier=st%3D2%60sc%3Dshirt%60sr%3D0%60ps%3D1&src_module=search&src_tab_page_id=page_home1700349380429&attr_ids=87_417&mallCode=1,4,$10.31
us.shein.com/SHEIN-Priv-Street-View-Print-Button-Up-Shirt-p-11603658-cat-1733.html?src_identifier=st%3D2%60sc%3Dshirt%60sr%3D0%60ps%3D1&src_module=search&src_tab_page_id=page_home1700349380429&attr_ids=87_417&mallCode=1,SAVE $1.65,$9.34
us.shein.com/Men-Coconut-Tree-Print-Shirt-Without-Tee-p-16963200-cat-1979.html?src_identifier=st%3D2%60sc%3Dshirt%60sr%3D0%60ps%3D1&src_module=search&src_tab_page_id=page_home1700349380429&attr_ids=87_417&mallCode=1,,$8.99
us.shein.com/SHEIN-SXY-Flap-Pocket-Button-Front-Denim-Romper-p-18466399-cat-1936.html?src_identifier=st%3D2%60sc%3Dshirt%60sr%3D0%60ps%3D1&src_module=search&src_tab_page_id=page_home1700349380429&attr_ids=87_417&mallCode=1,8SAVE $14.96,$16.53
us.shein.com/SHEIN-Priv-Tie-Back-Ruffle-Sleeve-Peplum-Blouse-p-10455286-cat-1733.html?src_identifier=st%3D2%60sc%3Dshirt%60sr%3D0%60ps%3D1&src_module=search&src_tab_page_id=page_home1700349380429&attr_ids=87_417&mallCode=1,,$7.99
us.shein.com/Floral-Print-Twist-Front-Two-Tone-Blouse-p-22458240-cat-1733.html?src_identifier=st%3D2%60sc%3Dshirt%60sr%3D0%60ps%3D1&src_module=search&src_tab_page_id=page_home1700349380429&attr_ids=87_417&mallCode=1,8,$6.99
us.shein.com/ROMWE-Prep-Guys-Mushroom-Print-Button-Front-Curved-Hem-Shirt-p-3418351-cat-1979.html?src_identifier=st%3D2%60sc%3Dshirt%60sr%3D0%60ps%3D1&src_module=search&src_tab_page_id=page_home1700349380429&attr_ids=87_417&mallCode=1,,$9.49
us.shein.com/SHEIN-Frenchy-Frilled-Neck-Flounce-Sleeve-Blouse-p-12713563-cat-1733.html?src_identifier=st%3D2%60sc%3Dshirt%60sr%3D0%60ps%3D1&src_module=search&src_tab_page_id=page_home1700349380429&attr_ids=87_417&mallCode=1,6,$9.49
us.shein.com/ROMWE-Street-Life-Guys-Angel-Slogan-Graphic-Button-Up-Shirt-p-16406420-cat-1979.html?src_identifier=st%3D2%60sc%3Dshirt%60sr%3D0%60ps%3D1&src_module=search&src_tab_page_id=page_home1700349380429&attr_ids=87_417&mallCode=1,SAVE $2.52,$7.97
us.shein.com/SHEIN-Essnce-Plaid-Print-Drop-Shoulder-Shirt-p-22701894-cat-1733.html?src_identifier=st%3D2%60sc%3Dshirt%60sr%3D0%60ps%3D1&src_module=search&src_tab_page_id=page_home1700349380429&attr_ids=87_417&mallCode=1,SAVE $6.48,$9.51
us.shein.com/Allover-Print-Notched-Neckline-Lantern-Sleeve-Blouse-p-21941617-cat-1733.html?src_identifier=st%3D2%60sc%3Dshirt%60sr%3D0%60ps%3D1&src_module=search&src_tab_page_id=page_home1700349380429&attr_ids=87_417&mallCode=1,5,$8.49
us.shein.com/Manfinity-RSRT-Men-1pc-Plants-Print-Shirt-p-11647504-cat-1979.html?src_identifier=st%3D2%60sc%3Dshirt%60sr%3D0%60ps%3D1&src_module=search&src_tab_page_id=page_home1700349380429&attr_ids=87_417&mallCode=1,7SAVE $3.50,$6.99
us.shein.com/SHEIN-VCAY-Allover-Print-Tie-Back-Halter-Neck-Blouse-p-15405947-cat-1733.html?src_identifier=st%3D2%60sc%3Dshirt%60sr%3D0%60ps%3D1&src_module=search&src_tab_page_id=page_home1700349380429&attr_ids=87_417&mallCode=1,7,$5.49
us.shein.com/SHEIN-VCAY-Guipure-Lace-Insert-Scallop-Trim-Crop-Blouse-p-16272832-cat-1733.html?src_identifier=st%3D2%60sc%3Dshirt%60sr%3D0%60ps%3D1&src_module=search&src_tab_page_id=page_home1700349380429&attr_ids=87_417&mallCode=1,SAVE $2.00,$7.99
us.shein.com/Manfinity-Hypemode-Men-Duck-Print-Shirt-Without-Tee-p-24412816-cat-1979.html?src_identifier=st%3D2%60sc%3Dshirt%60sr%3D0%60ps%3D1&src_module=search&src_tab_page_id=page_home1700349380429&attr_ids=87_417&mallCode=1,,$6.18
us.shein.com/SHEIN-LUNE-Figure-Graphic-Button-Front-Shirt-p-10498386-cat-1733.html?src_identifier=st%3D2%60sc%3Dshirt%60sr%3D0%60ps%3D1&src_module=search&src_tab_page_id=page_home1700349380429&attr_ids=87_417&mallCode=1,,$7.34
us.shein.com/Feather-Print-Notched-Neck-Bishop-Sleeve-Blouse-p-11526405-cat-1733.html?src_identifier=st%3D2%60sc%3Dshirt%60sr%3D0%60ps%3D1&src_module=search&src_tab_page_id=page_home1700349380429&attr_ids=87_417&mallCode=1,13,$7.49
us.shein.com/Manfinity-Hypemode-Men-Plaid-Print-Shirt-Without-Tee-p-21909095-cat-1979.html?src_identifier=st%3D2%60sc%3Dshirt%60sr%3D0%60ps%3D1&src_module=search&src_tab_page_id=page_home1700349380429&attr_ids=87_417&mallCode=1,,$10.14
us.shein.com/SHEIN-LUNE-Asymmetrical-Neck-Batwing-Sleeve-Sequin-Blouse-p-23363135-cat-1733.html?src_identifier=st%3D2%60sc%3Dshirt%60sr%3D0%60ps%3D1&src_module=search&src_tab_page_id=page_home1700349380429&attr_ids=87_417&mallCode=1,7,$11.54
us.shein.com/Manfinity-AFTRDRK-Men-Solid-Button-Front-Shirt-p-21439049-cat-1979.html?src_identifier=st%3D2%60sc%3Dshirt%60sr%3D0%60ps%3D1&src_module=search&src_tab_page_id=page_home1700349380429&attr_ids=87_417&mallCode=1,4SAVE $6.03,$7.46
us.shein.com/SHEIN-Qutie-Letter-Graphic-Two-Tone-Drop-Shoulder-Blouse-Without-Cami-Top-p-19348131-cat-1733.html?src_identifier=st%3D2%60sc%3Dshirt%60sr%3D0%60ps%3D1&src_module=search&src_tab_page_id=page_home1700349380429&attr_ids=87_417&mallCode=1,SAVE $1.90,$7.59
us.shein.com/SHEIN-LUNE-Ditsy-Floral-Flounce-Sleeve-Blouse-p-11328484-cat-1733.html?src_identifier=st%3D2%60sc%3Dshirt%60sr%3D0%60ps%3D1&src_module=search&src_tab_page_id=page_home1700349380429&attr_ids=87_417&mallCode=1,8,$8.49
us.shein.com/Manfinity-Homme-Men-Argyle-Jacquard-Shirt-p-16586662-cat-1979.html?src_identifier=st%3D2%60sc%3Dshirt%60sr%3D0%60ps%3D1&src_module=search&src_tab_page_id=page_home1700349380429&attr_ids=87_417&mallCode=1,6SAVE $2.62,$9.87
us.shein.com/SHEIN-Priv-Polka-Dot-Ruffle-Trim-Shirt-p-12114740-cat-1733.html?src_identifier=st%3D2%60sc%3Dshirt%60sr%3D0%60ps%3D1&src_module=search&src_tab_page_id=page_home1700349380429&attr_ids=87_417&mallCode=1,SAVE $2.30,$9.19
us.shein.com/SHEIN-Clasi-Gold-Dot-Print-Flare-Sleeve-Blouse-p-18427007-cat-1733.html?src_identifier=st%3D2%60sc%3Dshirt%60sr%3D0%60ps%3D1&src_module=search&src_tab_page_id=page_home1700349380429&attr_ids=87_417&mallCode=1,4Save $1.50,$5.99
us.shein.com/Manfinity-Homme-Men-Drop-Shoulder-Button-Front-Shirt-p-14244162-cat-1979.html?src_identifier=st%3D2%60sc%3Dshirt%60sr%3D0%60ps%3D1&src_module=search&src_tab_page_id=page_home1700349380429&attr_ids=87_417&mallCode=1,8SAVE $4.75,$8.74
